{"_type":"export","__export_format":4,"__export_date":"2023-05-01T19:45:39.283Z","__export_source":"insomnia.desktop.app:v2023.1.0","resources":[{"_id":"req_ca33f8648b0a4e82be2b9f25fbd2f3fe","parentId":"fld_d8a9e5afd9e14e4d8744cf794ab05c8f","modified":1682967231868,"created":1681310080016,"url":"localhost:8080/auth/login","name":"login","description":"","method":"POST","body":{"mimeType":"application/json","text":"{\n\t\"email\": \"teste@gmail.com\",\n\t\"senha\": \"1234\"\n}"},"parameters":[],"headers":[{"name":"Content-Type","value":"application/json"}],"authentication":{},"metaSortKey":-1681310080016,"isPrivate":false,"settingStoreCookies":true,"settingSendCookies":true,"settingDisableRenderRequestBody":false,"settingEncodeUrl":true,"settingRebuildPath":true,"settingFollowRedirects":"global","_type":"request"},{"_id":"fld_d8a9e5afd9e14e4d8744cf794ab05c8f","parentId":"wrk_b1786aab216949c6afc9588a33a42d01","modified":1681311398842,"created":1681311398842,"name":"Autenticação","description":"","environment":{},"environmentPropertyOrder":null,"metaSortKey":-1681311398842,"_type":"request_group"},{"_id":"wrk_b1786aab216949c6afc9588a33a42d01","parentId":null,"modified":1681238473317,"created":1681236987757,"name":"Vollmed API","description":"","scope":"collection","_type":"workspace"},{"_id":"req_515a843a20e94fa4aca01879ef02ff92","parentId":"fld_d8a9e5afd9e14e4d8744cf794ab05c8f","modified":1681311528908,"created":1681310681423,"url":"localhost:3000/auth/logout","name":"logout","description":"","method":"POST","body":{},"parameters":[],"headers":[{"id":"pair_4c75e0c33f7445618c6a686f23cb70bf","name":"token","value":"eyJhbGciOiJIUzI1NiIsInR5cCI6IkpXVCJ9.eyJpZCI6IjEyMzQiLCJpYXQiOjE2ODEzMTA3ODksImV4cCI6MTY4MTM5NzE4OX0.0E0nPm903PBN-HQZ84D3FtpE9rju70NB6xZyfNe2K9w","description":""}],"authentication":{},"metaSortKey":-1681310079966,"isPrivate":false,"settingStoreCookies":true,"settingSendCookies":true,"settingDisableRenderRequestBody":false,"settingEncodeUrl":true,"settingRebuildPath":true,"settingFollowRedirects":"global","_type":"request"},{"_id":"req_df42ea5f69d04f2bb145c6578ad79caf","parentId":"fld_68a95983f7034de6984fe1fdb03874f6","modified":1682970234553,"created":1681238473312,"url":"localhost:8080/paciente","name":"Todos Pacientes","description":"","method":"GET","body":{},"parameters":[],"headers":[],"authentication":{},"metaSortKey":-1681238473312,"isPrivate":false,"settingStoreCookies":true,"settingSendCookies":true,"settingDisableRenderRequestBody":false,"settingEncodeUrl":true,"settingRebuildPath":true,"settingFollowRedirects":"global","_type":"request"},{"_id":"fld_68a95983f7034de6984fe1fdb03874f6","parentId":"wrk_b1786aab216949c6afc9588a33a42d01","modified":1681238473316,"created":1681238473316,"name":"Pacientes","description":"","environment":{},"environmentPropertyOrder":null,"metaSortKey":-1681238473316,"_type":"request_group"},{"_id":"req_8dc5c897bc034e968b144520fd6beb2f","parentId":"fld_68a95983f7034de6984fe1fdb03874f6","modified":1681762419586,"created":1681238473311,"url":"localhost:8080/paciente","name":"Cadastro Paciente","description":"","method":"POST","body":{"mimeType":"","text":"{\n    \"cpf\": \"12328205046\",\n    \"nome\": \"Moni\",\n    \"email\": \"moni@email.com\",\n    \"estaAtivo\":true,\n    \"endereco\": {\n        \"cep\": 76541321,\n        \"rua\": \"Rua 9\",\n        \"numero\": 65,\n        \"complemento\": \"casa\",\n        \"estado\": \"ES\"\n    },\n    \"senha\": \"1234\",\n    \"telefone\": 99999999,\n    \"possuiPlanoSaude\": true,\n    \"planosSaude\": [3,2,5],\n\t\"imagem\":\"uma_bela_imagem.png\",\n\t\"historico\":[\"bronquiete,leve\",\"sinusite,moderado\"]\n}"},"parameters":[],"headers":[{"name":"Content-Type","value":"application/json"}],"authentication":{},"metaSortKey":-1681238473311,"isPrivate":false,"settingStoreCookies":true,"settingSendCookies":true,"settingDisableRenderRequestBody":false,"settingEncodeUrl":true,"settingRebuildPath":true,"settingFollowRedirects":"global","_type":"request"},{"_id":"req_f571c07eb71947f5ae6b9aa603e7924a","parentId":"fld_68a95983f7034de6984fe1fdb03874f6","modified":1682970240418,"created":1681238473309,"url":"localhost:8080/paciente/:id","name":"Um Paciente por id","description":"","method":"GET","body":{},"parameters":[],"headers":[],"authentication":{},"metaSortKey":-1681238473309,"isPrivate":false,"settingStoreCookies":true,"settingSendCookies":true,"settingDisableRenderRequestBody":false,"settingEncodeUrl":true,"settingRebuildPath":true,"settingFollowRedirects":"global","_type":"request"},{"_id":"req_445df15ff5964561bd0f371a7f0b4963","parentId":"fld_68a95983f7034de6984fe1fdb03874f6","modified":1682970243227,"created":1681238473308,"url":"localhost:8080/paciente/:id/consultas","name":"Consultas de um Paciente por Id","description":"","method":"GET","body":{},"parameters":[],"headers":[],"authentication":{},"metaSortKey":-1681238473308,"isPrivate":false,"settingStoreCookies":true,"settingSendCookies":true,"settingDisableRenderRequestBody":false,"settingEncodeUrl":true,"settingRebuildPath":true,"settingFollowRedirects":"global","_type":"request"},{"_id":"req_3969f0111dcb4291a1ff43c6e9945e93","parentId":"fld_68a95983f7034de6984fe1fdb03874f6","modified":1682970247208,"created":1681238473307,"url":"localhost:8080/paciente/d54db39f-f8a8-43bf-86c6-578ce435e49c","name":"Atualiza Paciente por id","description":"","method":"PUT","body":{"mimeType":"","text":"{\r\n    \"cpf\": \"00360577032\",\r\n    \"nome\": \"Ricardo\",\r\n    \"email\": \"Ricardo@email.com\",\r\n    \"estaAtivo\":true,\r\n    \"endereco\": {\r\n        \"cep\": 76541321,\r\n        \"rua\": \"Rua 9\",\r\n        \"numero\": 65,\r\n        \"complemento\": \"casa\"\r\n    },\r\n    \"senha\": \"1234\",\r\n    \"telefone\": 99999999,\r\n    \"possuiPlanoSaude\": true,\r\n    \"planosSaude\": [3,2,5]\r\n}"},"parameters":[],"headers":[{"name":"Content-Type","value":"application/json"}],"authentication":{},"metaSortKey":-1681238473307,"isPrivate":false,"settingStoreCookies":true,"settingSendCookies":true,"settingDisableRenderRequestBody":false,"settingEncodeUrl":true,"settingRebuildPath":true,"settingFollowRedirects":"global","_type":"request"},{"_id":"req_3322810eddbc4f93bb9dc2870b5e0c70","parentId":"fld_68a95983f7034de6984fe1fdb03874f6","modified":1682970252228,"created":1681238473305,"url":"localhost:8080/paciente/:id","name":"Apaga Paciente por id","description":"","method":"DELETE","body":{},"parameters":[],"headers":[],"authentication":{},"metaSortKey":-1681238473305,"isPrivate":false,"settingStoreCookies":true,"settingSendCookies":true,"settingDisableRenderRequestBody":false,"settingEncodeUrl":true,"settingRebuildPath":true,"settingFollowRedirects":"global","_type":"request"},{"_id":"req_5f2e16842a414ab1b1ade9806ca9848d","parentId":"fld_68a95983f7034de6984fe1fdb03874f6","modified":1682970255068,"created":1681238473303,"url":"localhost:8080/paciente/:id","name":"Atualiza endereço de um paciente","description":"","method":"PATCH","body":{"mimeType":"","text":"{\r\n    \"cep\": 76541321,\r\n    \"rua\": \"Rua 9\",\r\n    \"numero\": 42,\r\n    \"complemento\": \"apt\"\r\n}"},"parameters":[],"headers":[{"name":"Content-Type","value":"application/json"}],"authentication":{},"metaSortKey":-1681238473303,"isPrivate":false,"settingStoreCookies":true,"settingSendCookies":true,"settingDisableRenderRequestBody":false,"settingEncodeUrl":true,"settingRebuildPath":true,"settingFollowRedirects":"global","_type":"request"},{"_id":"req_0ffd8661f4e946a386cb502ed6bd7eee","parentId":"fld_74e3e3229ab14535b5ca4ab34af5b88a","modified":1681758050378,"created":1681238458580,"url":"localhost:8080/especialista","name":"Retorna todos os especialistas","description":"","method":"GET","body":{},"parameters":[],"headers":[],"authentication":{},"metaSortKey":-1681238458580,"isPrivate":false,"settingStoreCookies":true,"settingSendCookies":true,"settingDisableRenderRequestBody":false,"settingEncodeUrl":true,"settingRebuildPath":true,"settingFollowRedirects":"global","_type":"request"},{"_id":"fld_74e3e3229ab14535b5ca4ab34af5b88a","parentId":"wrk_b1786aab216949c6afc9588a33a42d01","modified":1681238458582,"created":1681238458582,"name":"Especialista","description":"","environment":{},"environmentPropertyOrder":null,"metaSortKey":-1681238458582,"_type":"request_group"},{"_id":"req_4946f4a73f5e4c84963ca28338aecac7","parentId":"fld_74e3e3229ab14535b5ca4ab34af5b88a","modified":1682970259155,"created":1681238458578,"url":"localhost:8080/especialista/:id","name":"Retorna especialista por id","description":"","method":"GET","body":{"params":[{"value":"3bcfb167-b096-4052-b657-378ffcaa4676","name":"id","disabled":true}],"mimeType":"application/x-www-form-urlencoded"},"parameters":[{"name":"","value":"","disabled":true}],"headers":[{"name":"","value":"3bcfb167-b096-4052-b657-378ffcaa4676"}],"authentication":{},"metaSortKey":-1681238458578,"isPrivate":false,"settingStoreCookies":true,"settingSendCookies":true,"settingDisableRenderRequestBody":false,"settingEncodeUrl":true,"settingRebuildPath":true,"settingFollowRedirects":"global","_type":"request"},{"_id":"req_f2143028f0d649a694cb29c15e05b66f","parentId":"fld_74e3e3229ab14535b5ca4ab34af5b88a","modified":1681762163702,"created":1681238458577,"url":"localhost:8080/especialista","name":"Cria um especialista","description":"","method":"POST","body":{"mimeType":"application/json","text":"{\n    \"nome\": \"mateus\",\n    \"crm\": 5455576,\n    \"imagem\": \"gfht.jpg\",\n    \"especialidade\": \"cardiologia\",\n     \"possuiPlanoSaude\": true,\n\t\"senha\":\"12345\",\n    \"planosSaude\": [1,2,0],\n    \"estaAtivo\":true,\n    \"email\": \"ar.naldo@gmail.com\",\n    \"telefone\": \"40028922\",\n    \"endereco\": {\n        \"cep\": 76541321,\n        \"rua\": \"Rua 9\",\n        \"estado\":\"São Paulo\",\n        \"numero\": 65,\n        \"complemento\": \"casa\"\n    }\n}"},"parameters":[],"headers":[{"name":"Content-Type","value":"application/json"}],"authentication":{"type":"bearer","token":"eyJhbGciOiJIUzI1NiIsInR5cCI6IkpXVCJ9.eyJpZCI6ImU1MjY2NTlmLTU1YWMtNGQ1YS1iNzI3LTVlOTQ3ZGRjMGM0YSIsInJvbGUiOiJDTElOSUNBIiwiaWF0IjoxNjgxNzYyMTA2LCJleHAiOjE2ODE4NDg1MDZ9.gnYoxxMDk0BFfbPBgUpe-6caPomgD8Dy5VEQ8OJ2q_c"},"metaSortKey":-1681238458577,"isPrivate":false,"settingStoreCookies":true,"settingSendCookies":true,"settingDisableRenderRequestBody":false,"settingEncodeUrl":true,"settingRebuildPath":true,"settingFollowRedirects":"global","_type":"request"},{"_id":"req_a9dd8303c48049a0ae9a08f4192e2c88","parentId":"fld_74e3e3229ab14535b5ca4ab34af5b88a","modified":1682970264070,"created":1681238458576,"url":"localhost:8080/especialista/busca","name":"Filtra especialistas por Estado e Especialidade","description":"","method":"GET","body":{"mimeType":"","text":"{\r\n    \"estado\": \"Acre\",\r\n    \"especialidade\": \"pediatra\"    \r\n}"},"parameters":[],"headers":[{"name":"Content-Type","value":"application/json"}],"authentication":{},"metaSortKey":-1681238458576,"isPrivate":false,"settingStoreCookies":true,"settingSendCookies":true,"settingDisableRenderRequestBody":false,"settingEncodeUrl":true,"settingRebuildPath":true,"settingFollowRedirects":"global","_type":"request"},{"_id":"req_12eb778bb1004d349b076e53a93c5833","parentId":"fld_74e3e3229ab14535b5ca4ab34af5b88a","modified":1682970268565,"created":1681238458574,"url":"localhost:8080/especialista/3bcfb167-b096-4052-b657-378ffcaa4676","name":"Atualiza especialista por id","description":"","method":"PUT","body":{"mimeType":"","text":"{\r\n    \"nome\": \"lucas\",\r\n    \"crm\": 5455576,\r\n    \"imagem\": \"gfht.jpg\",\r\n    \"especialidade\": \"pediatra\",\r\n     \"possuiPlanoSaude\": true,\r\n    \"planosSaude\": [1,2,0],\r\n    \"estaAtivo\":true,\r\n    \"email\": \"ar.naldo@gmail.com\",\r\n    \"telefone\": \"40028922\",\r\n    \"nota\": 10    \r\n}"},"parameters":[],"headers":[{"name":"Content-Type","value":"application/json"}],"authentication":{},"metaSortKey":-1681238458574,"isPrivate":false,"settingStoreCookies":true,"settingSendCookies":true,"settingDisableRenderRequestBody":false,"settingEncodeUrl":true,"settingRebuildPath":true,"settingFollowRedirects":"global","_type":"request"},{"_id":"req_545c4684ae74449982ab4550698131fb","parentId":"fld_74e3e3229ab14535b5ca4ab34af5b88a","modified":1682970274148,"created":1681238458572,"url":"localhost:8080/especialista/44992ec8-e681-4586-a45c-34ee8d65009f","name":"Atualiza telefone","description":"","method":"PATCH","body":{"mimeType":"","text":"{\r\n    \"telefone\": \"xxxxx\"\r\n}"},"parameters":[],"headers":[{"name":"Content-Type","value":"application/json"}],"authentication":{},"metaSortKey":-1681238458572,"isPrivate":false,"settingStoreCookies":true,"settingSendCookies":true,"settingDisableRenderRequestBody":false,"settingEncodeUrl":true,"settingRebuildPath":true,"settingFollowRedirects":"global","_type":"request"},{"_id":"req_83bea57e5d8144a593f39b70a2fc6685","parentId":"fld_74e3e3229ab14535b5ca4ab34af5b88a","modified":1682970279485,"created":1681238458570,"url":"localhost:8080/especialista/44992ec8-e681-4586-a45c-34ee8d65009f","name":"Apaga especialista por id","description":"","method":"DELETE","body":{},"parameters":[],"headers":[],"authentication":{},"metaSortKey":-1681238458570,"isPrivate":false,"settingStoreCookies":true,"settingSendCookies":true,"settingDisableRenderRequestBody":false,"settingEncodeUrl":true,"settingRebuildPath":true,"settingFollowRedirects":"global","_type":"request"},{"_id":"req_0db469a89c10413c8055357bb0a85312","parentId":"fld_cfa317beb7844bd0a7e2d86ed7c94ff9","modified":1681762494213,"created":1681238443734,"url":"localhost:8080/consulta","name":"Cria uma consulta","description":"","method":"POST","body":{"mimeType":"","text":"{\n    \"especialista\":\"e60e2f20-41ee-4aa2-952f-3c7cc05ba1ac\",\n    \"paciente\":\"ae48d4da-b6f9-4ff5-bad9-7527052aef70\",\n    \"data\":\"2023-07-20T09:50:00.305Z\",\n    \"desejaLembrete\":true,\n    \"lembretes\":[0,1]\n}"},"parameters":[],"headers":[{"name":"Content-Type","value":"application/json"}],"authentication":{},"metaSortKey":-1681238443734,"isPrivate":false,"settingStoreCookies":true,"settingSendCookies":true,"settingDisableRenderRequestBody":false,"settingEncodeUrl":true,"settingRebuildPath":true,"settingFollowRedirects":"global","_type":"request"},{"_id":"fld_cfa317beb7844bd0a7e2d86ed7c94ff9","parentId":"wrk_b1786aab216949c6afc9588a33a42d01","modified":1681238443737,"created":1681238443737,"name":"Consulta","description":"","environment":{},"environmentPropertyOrder":null,"metaSortKey":-1681238443737,"_type":"request_group"},{"_id":"req_8af7e07a99b846f9bc1aae4b91106778","parentId":"fld_cfa317beb7844bd0a7e2d86ed7c94ff9","modified":1681762504344,"created":1681238443732,"url":"localhost:8080/consulta","name":"Lista todas consultas","description":"","method":"GET","body":{},"parameters":[],"headers":[],"authentication":{},"metaSortKey":-1681238443732,"isPrivate":false,"settingStoreCookies":true,"settingSendCookies":true,"settingDisableRenderRequestBody":false,"settingEncodeUrl":true,"settingRebuildPath":true,"settingFollowRedirects":"global","_type":"request"},{"_id":"req_1f95b5b1aab843cfac1145b813f6dc2a","parentId":"fld_cfa317beb7844bd0a7e2d86ed7c94ff9","modified":1682970284368,"created":1681238443730,"url":"localhost:8080/consulta/","name":"Lista consulta por id","description":"","method":"GET","body":{},"parameters":[],"headers":[],"authentication":{},"metaSortKey":-1681238443730,"isPrivate":false,"settingStoreCookies":true,"settingSendCookies":true,"settingDisableRenderRequestBody":false,"settingEncodeUrl":true,"settingRebuildPath":true,"settingFollowRedirects":"global","_type":"request"},{"_id":"req_ebb8a245df2946e8a6cf4ca292e4af3f","parentId":"fld_cfa317beb7844bd0a7e2d86ed7c94ff9","modified":1682970287401,"created":1681238443728,"url":"localhost:8080/consulta/:id","name":"Apaga consulta","description":"","method":"DELETE","body":{"mimeType":"","text":"{\r\n    \"motivo_cancelamento\":0\r\n}"},"parameters":[],"headers":[{"name":"Content-Type","value":"application/json"}],"authentication":{},"metaSortKey":-1681238443728,"isPrivate":false,"settingStoreCookies":true,"settingSendCookies":true,"settingDisableRenderRequestBody":false,"settingEncodeUrl":true,"settingRebuildPath":true,"settingFollowRedirects":"global","_type":"request"},{"_id":"req_a50b56a4e4984fa69b3b8a58feae44db","parentId":"fld_55edbf2924e5493f9aecdc418b37e243","modified":1682970290226,"created":1681237182905,"url":"localhost:8080/avaliacoes","name":"Todas as avaliações","description":"","method":"GET","body":{},"parameters":[],"headers":[],"authentication":{},"metaSortKey":-1681237182905,"isPrivate":false,"settingStoreCookies":true,"settingSendCookies":true,"settingDisableRenderRequestBody":false,"settingEncodeUrl":true,"settingRebuildPath":true,"settingFollowRedirects":"global","_type":"request"},{"_id":"fld_55edbf2924e5493f9aecdc418b37e243","parentId":"wrk_b1786aab216949c6afc9588a33a42d01","modified":1681237178220,"created":1681237178220,"name":"Avaliações","description":"","environment":{},"environmentPropertyOrder":null,"metaSortKey":-1681237178220,"_type":"request_group"},{"_id":"req_b19fbbe76f074c458fca1f819532410a","parentId":"fld_55edbf2924e5493f9aecdc418b37e243","modified":1682970292744,"created":1681237290186,"url":"localhost:8080/avaliacoes","name":"Cria avaliação","description":"","method":"POST","body":{"mimeType":"application/json","text":"{\n    \"idEspecialista\": \"16ce02c2-545a-4b17-b424-c967bb0bb45a\",\n    \"idPaciente\": \"1230bc6b-7f12-4404-9d34-a7a96a59e59f\",\n    \"descricao\":\"bem legal hein\",\n    \"nota\": 10\n}"},"parameters":[],"headers":[{"name":"Content-Type","value":"application/json"}],"authentication":{},"metaSortKey":-1681237182880,"isPrivate":false,"settingStoreCookies":true,"settingSendCookies":true,"settingDisableRenderRequestBody":false,"settingEncodeUrl":true,"settingRebuildPath":true,"settingFollowRedirects":"global","_type":"request"},{"_id":"req_1b1e7692e7cb46008447cf2874f1b500","parentId":"fld_55edbf2924e5493f9aecdc418b37e243","modified":1682970296059,"created":1681237266010,"url":"localhost:8080/avaliacoes/:id","name":"Lista avaliações por id","description":"","method":"GET","body":{},"parameters":[],"headers":[],"authentication":{},"metaSortKey":-1681237182855,"isPrivate":false,"settingStoreCookies":true,"settingSendCookies":true,"settingDisableRenderRequestBody":false,"settingEncodeUrl":true,"settingRebuildPath":true,"settingFollowRedirects":"global","_type":"request"},{"_id":"req_1597d3e608f54d17874aeb52e344f7e3","parentId":"fld_55dc835c2049483389c468a9b427208f","modified":1681751697263,"created":1681238090341,"url":"localhost:8080/clinica","name":"Retorna todos as clinicas","description":"","method":"GET","body":{},"parameters":[],"headers":[],"authentication":{},"metaSortKey":-1681238044361,"isPrivate":false,"settingStoreCookies":true,"settingSendCookies":true,"settingDisableRenderRequestBody":false,"settingEncodeUrl":true,"settingRebuildPath":true,"settingFollowRedirects":"global","_type":"request"},{"_id":"fld_55dc835c2049483389c468a9b427208f","parentId":"wrk_b1786aab216949c6afc9588a33a42d01","modified":1681238090277,"created":1681238090277,"name":"Clinica","description":"","environment":{},"environmentPropertyOrder":null,"metaSortKey":-1000000000,"_type":"request_group"},{"_id":"req_e33b9358ddb14ddf886bec481a58d78f","parentId":"fld_55dc835c2049483389c468a9b427208f","modified":1681751714397,"created":1681238090336,"url":"localhost:8080/clinica/:id","name":"Retorna clinica por id","description":"","method":"GET","body":{},"parameters":[],"headers":[],"authentication":{},"metaSortKey":-1681238044359,"isPrivate":false,"settingStoreCookies":true,"settingSendCookies":true,"settingDisableRenderRequestBody":false,"settingEncodeUrl":true,"settingRebuildPath":true,"settingFollowRedirects":"global","_type":"request"},{"_id":"req_d6287576f88e48edac62652462b80778","parentId":"fld_55dc835c2049483389c468a9b427208f","modified":1681736568153,"created":1681238090332,"url":"localhost:8080/clinica","name":"Cria uma clinica","description":"","method":"POST","body":{"mimeType":"application/json","text":"{\n    \"planoDeSaudeAceitos\":[1,2,3,4],\n\t\"email\":\"clinica@gmail.com\",\n\t\"nome\":\"Clinica de Todos\",\n\t\"senha\":\"4321\",\n    \"endereco\": {\n        \"cep\": 76541321,\n        \"rua\": \"Rua 45\",\n        \"numero\": 2,\n        \"complemento\": \"casa\",\n\t\t\t\"estado\":\"Amapá\"\n    }\n}"},"parameters":[],"headers":[{"name":"Content-Type","value":"application/json"}],"authentication":{},"metaSortKey":-1681238044357,"isPrivate":false,"settingStoreCookies":true,"settingSendCookies":true,"settingDisableRenderRequestBody":false,"settingEncodeUrl":true,"settingRebuildPath":true,"settingFollowRedirects":"global","_type":"request"},{"_id":"req_d2787b2b49594c84bb65fb2d76a30081","parentId":"fld_55dc835c2049483389c468a9b427208f","modified":1681751721052,"created":1681238090325,"url":"localhost:8080/clinica/:id","name":"Atualiza clinica por id","description":"","method":"PUT","body":{"mimeType":"application/json","text":"{\r\n    \"planoDeSaudeAceitos\":[1,2],\r\n    \"endereco\": {\r\n        \"cep\": 12314567,\r\n        \"rua\": \"Rua 10\",\r\n        \"numero\": 1,\r\n        \"complemento\": \"casa\"\r\n    }\r\n}"},"parameters":[],"headers":[{"name":"Content-Type","value":"application/json"}],"authentication":{},"metaSortKey":-1681238044356,"isPrivate":false,"settingStoreCookies":true,"settingSendCookies":true,"settingDisableRenderRequestBody":false,"settingEncodeUrl":true,"settingRebuildPath":true,"settingFollowRedirects":"global","_type":"request"},{"_id":"req_90e5a7ec75764d999daded12845d428c","parentId":"fld_55dc835c2049483389c468a9b427208f","modified":1681751724904,"created":1681238090312,"url":"localhost:8080/clinica/:id","name":"Apaga clinica por id","description":"","method":"DELETE","body":{},"parameters":[],"headers":[],"authentication":{},"metaSortKey":-1681238044355,"isPrivate":false,"settingStoreCookies":true,"settingSendCookies":true,"settingDisableRenderRequestBody":false,"settingEncodeUrl":true,"settingRebuildPath":true,"settingFollowRedirects":"global","_type":"request"},{"_id":"req_358386c27f3041148a5480fd310316b9","parentId":"fld_55dc835c2049483389c468a9b427208f","modified":1681751729185,"created":1681238090299,"url":"localhost:8080/clinica/:id/especialista","name":"Atualiza especialista pelo id da clinica","description":"","method":"POST","body":{"mimeType":"","text":"{\n   \n}"},"parameters":[],"headers":[{"name":"Content-Type","value":"application/json"}],"authentication":{},"metaSortKey":-1681238044353,"isPrivate":false,"settingStoreCookies":true,"settingSendCookies":true,"settingDisableRenderRequestBody":false,"settingEncodeUrl":true,"settingRebuildPath":true,"settingFollowRedirects":"global","_type":"request"},{"_id":"req_033e080d337243c2a43827f9ebcaedd9","parentId":"fld_55dc835c2049483389c468a9b427208f","modified":1681762227875,"created":1681238090284,"url":"localhost:8080/clinica/:id/especialista","name":"Retorna todos os especialistas de uma clinica por id_clinica","description":"","method":"GET","body":{},"parameters":[],"headers":[],"authentication":{"type":"bearer","disabled":false,"token":""},"metaSortKey":-1681238044349,"isPrivate":false,"settingStoreCookies":true,"settingSendCookies":true,"settingDisableRenderRequestBody":false,"settingEncodeUrl":true,"settingRebuildPath":true,"settingFollowRedirects":"global","_type":"request"},{"_id":"env_cf91878fbe21f8dbd1dd2f9b87343d07806e30c4","parentId":"wrk_b1786aab216949c6afc9588a33a42d01","modified":1681236987761,"created":1681236987761,"name":"Base Environment","data":{},"dataPropertyOrder":null,"color":null,"isPrivate":false,"metaSortKey":1681236987761,"_type":"environment"},{"_id":"jar_cf91878fbe21f8dbd1dd2f9b87343d07806e30c4","parentId":"wrk_b1786aab216949c6afc9588a33a42d01","modified":1681236987763,"created":1681236987763,"name":"Default Jar","cookies":[],"_type":"cookie_jar"},{"_id":"spc_c40d2cd02b2e494ea3e975e0433a8877","parentId":"wrk_b1786aab216949c6afc9588a33a42d01","modified":1681236987758,"created":1681236987758,"fileName":"Vollmed API","contents":"","contentType":"yaml","_type":"api_spec"}]}